<?xml version="1.0" encoding="UTF-8"?>

<!--Autogenerated by Cloudera Manager-->
<configuration>
  <property>
    <name>hbase.rootdir</name>
    <value>hdfs://nameservice1/hbase</value>
  </property>
  <property>
    <name>hbase.client.write.buffer</name>
    <value>2097152</value>
  </property>
  <property>
    <name>hbase.client.pause</name>
    <value>100</value>
  </property>
  <property>
    <name>hbase.client.retries.number</name>
    <value>35</value>
  </property>
  <property>
    <name>hbase.client.scanner.caching</name>
    <value>100</value>
  </property>
  <property>
    <name>hbase.client.keyvalue.maxsize</name>
    <value>10485760</value>
  </property>
  <property>
    <name>hbase.regionserver.thrift.http</name>
    <value>false</value>
  </property>
  <property>
    <name>hbase.thrift.support.proxyuser</name>
    <value>false</value>
  </property>
  <property>
    <name>hbase.rpc.timeout</name>
    <value>60000</value>
  </property>
  <property>
    <name>hbase.snapshot.enabled</name>
    <value>true</value>
  </property>
  <property>
    <name>hbase.snapshot.master.timeoutMillis</name>
    <value>60000</value>
  </property>
  <property>
    <name>hbase.snapshot.region.timeout</name>
    <value>60000</value>
  </property>
  <property>
    <name>hbase.snapshot.master.timeout.millis</name>
    <value>60000</value>
  </property>
  <property>
    <name>hbase.security.authentication</name>
    <value>simple</value>
  </property>
  <property>
    <name>zookeeper.session.timeout</name>
    <value>60000</value>
  </property>
  <property>
    <name>zookeeper.znode.parent</name>
    <value>/hbase</value>
  </property>
  <property>
    <name>zookeeper.znode.rootserver</name>
    <value>root-region-server</value>
  </property>
  <property>
    <name>hbase.zookeeper.quorum</name>
    <value>hadoop5,hadoop4,hadoop3</value>
  </property>
  <property>
    <name>hbase.zookeeper.property.clientPort</name>
    <value>2181</value>
  </property>
</configuration>
