<?xml version="1.0" encoding="UTF-8"?>

<!--Autogenerated by Cloudera Manager-->
<configuration>
  <property>
    <name>hive.metastore.uris</name>
    <value>thrift://hadoop2:9083</value>
  </property>
  <property>
    <name>hive.metastore.client.socket.timeout</name>
    <value>300</value>
  </property>
  <property>
    <name>hive.metastore.warehouse.dir</name>
    <value>/user/hive/warehouse</value>
  </property>
  <property>
    <name>hive.warehouse.subdir.inherit.perms</name>
    <value>true</value>
  </property>
  <property>
    <name>hive.enable.spark.execution.engine</name>
    <value>false</value>
  </property>
  <property>
    <name>hive.conf.restricted.list</name>
    <value>hive.enable.spark.execution.engine</value>
  </property>
  <property>
    <name>mapred.reduce.tasks</name>
    <value>-1</value>
  </property>
  <property>
    <name>hive.exec.reducers.bytes.per.reducer</name>
    <value>67108864</value>
  </property>
  <property>
    <name>hive.exec.copyfile.maxsize</name>
    <value>33554432</value>
  </property>
  <property>
    <name>hive.exec.reducers.max</name>
    <value>1099</value>
  </property>
  <property>
    <name>hive.metastore.execute.setugi</name>
    <value>true</value>
  </property>
  <property>
    <name>hive.support.concurrency</name>
    <value>true</value>
  </property>
  <property>
    <name>hive.zookeeper.quorum</name>
    <value>hadoop5,hadoop4,hadoop3</value>
  </property>
  <property>
    <name>hive.zookeeper.client.port</name>
    <value>2181</value>
  </property>
  <property>
    <name>hbase.zookeeper.quorum</name>
    <value>hadoop5,hadoop4,hadoop3</value>
  </property>
  <property>
    <name>hbase.zookeeper.property.clientPort</name>
    <value>2181</value>
  </property>
  <property>
    <name>hive.zookeeper.namespace</name>
    <value>hive_zookeeper_namespace_hive</value>
  </property>
  <property>
    <name>hive.cluster.delegation.token.store.class</name>
    <value>org.apache.hadoop.hive.thrift.MemoryTokenStore</value>
  </property>
  <property>
    <name>hive.server2.enable.doAs</name>
    <value>true</value>
  </property>
  <property>
    <name>hive.server2.use.SSL</name>
    <value>false</value>
  </property>
</configuration>
